,supersub_activated_leg_yn,bet_type,in_play_yn,sim,total_stakes,total_payout
0,Y,Multiple,N,184,12764.10128600,223325.072753
1,N,Single,N,142,30891.54080800,76674.071027
2,N,Single,N,134,8324.82907600,36913.121878
3,N,Multiple,Y,88,2303.12252900,28076.667522
4,Y,Single,Y,43,1050.05208000,4304.150254
5,Y,Multiple,Y,189,524.19180900,6685.764991
6,N,Multiple,Y,128,2338.46746800,25838.794966
7,Y,Multiple,N,183,62851.63652200,815347.691459
8,N,Single,Y,188,4550.92378700,24135.248336
9,Y,Single,N,193,1691.32441900,6673.026465
10,N,Multiple,N,44,26997.90374300,279327.892901
11,Y,Multiple,N,135,25529.65496400,354282.968181
12,Y,Multiple,N,141,26331.60740400,163649.649219
13,Y,Multiple,Y,139,2356.69961500,28191.341567
14,N,Multiple,N,40,11690.18628800,111239.994592
15,N,Single,N,166,3475.11663300,20945.940464
16,Y,Single,N,112,11131.00200000,51673.145563
17,Y,Multiple,N,156,2620.63817100,51837.315946
18,N,Single,Y,58,6466.64082500,38096.955801
19,Y,Multiple,N,59,8072.07239800,73128.549164
20,Y,Single,N,80,31691.25271600,98775.477654
21,Y,Multiple,Y,186,480.68816000,5826.128988
22,Y,Multiple,Y,158,1985.20891800,14663.962809
23,Y,Single,Y,3,2082.13254500,7651.012817
24,Y,Multiple,N,159,27907.31476200,236601.578637
25,N,Multiple,N,187,38179.89903500,418200.291075
26,Y,Multiple,N,34,12931.22585900,133806.514598
27,N,Single,N,138,7391.89834200,23502.714638
28,Y,Single,Y,92,4673.41042000,14210.540033
29,Y,Multiple,N,176,7337.92164300,109588.761498
30,Y,Multiple,N,145,8693.45155000,131596.464309
31,Y,Multiple,Y,115,765.65652800,8460.345946
32,N,Multiple,Y,35,2857.40808300,35574.733988
33,Y,Multiple,N,175,14325.51316300,168727.556843
34,N,Single,N,120,21322.96589000,46899.372845
35,Y,Multiple,Y,22,1352.22651700,16160.701782
36,Y,Single,Y,148,2396.76368600,8582.097493
37,N,Multiple,Y,124,1158.56170000,10344.774511
38,N,Single,Y,127,6272.04235400,28598.678232
39,Y,Multiple,N,7,13892.95309600,206513.033816
40,Y,Multiple,N,149,8619.23296300,125917.243124
41,Y,Multiple,N,177,7895.29375200,120482.686767
42,Y,Single,N,129,7572.57776200,23444.488624
43,Y,Single,N,197,1322.30350000,3613.226547
44,Y,Single,N,182,181549.95085100,279267.813604
45,N,Single,N,20,22241.88344300,45319.289270
46,Y,Multiple,N,46,23419.32089800,435684.754206
47,N,Multiple,Y,4,854.92121400,14366.447031
48,Y,Multiple,Y,41,301.30142600,4364.680716
49,N,Multiple,N,94,11020.09339600,143079.944224
50,N,Single,Y,131,6590.13914400,39775.646418
51,N,Multiple,N,167,18965.51093900,177123.238751
52,N,Multiple,Y,27,1407.83032400,20778.502738
53,Y,Multiple,N,15,4280.90194100,85048.129112
54,N,Multiple,Y,39,1760.47774000,17607.735108
55,N,Single,N,89,11773.05411000,35590.314908
56,Y,Multiple,Y,157,1232.35130000,11758.613084
57,N,Multiple,Y,34,1675.34068700,28007.235033
58,Y,Multiple,N,57,9548.58589700,156852.844376
59,N,Single,N,117,3569.39646800,10272.603782
60,Y,Multiple,N,77,3032.84921200,35151.596077
61,Y,Single,N,119,15473.86271700,31151.629813
62,Y,Single,Y,54,726.83124000,2980.211472
63,N,Single,N,183,11278.94536700,40226.854009
64,Y,Multiple,Y,6,1397.00932900,18702.330701
65,N,Multiple,Y,11,1918.71330000,30528.768649
66,N,Single,Y,51,4491.76365700,21798.822296
67,Y,Single,N,198,13216.08689000,22370.692287
68,N,Single,Y,139,6335.11167400,26759.186603
69,N,Single,N,189,10502.28482700,45277.289146
70,Y,Multiple,N,130,19366.95815600,200029.283509
71,N,Single,N,84,5310.98780300,23914.832932
72,Y,Single,Y,142,1548.14707000,4008.159379
73,N,Multiple,Y,61,1309.11981100,25837.150526
74,N,Multiple,N,179,17929.22864900,229079.488433
75,N,Multiple,Y,93,2325.77476800,17811.298328
76,Y,Single,N,150,1908.10855000,5823.446227
77,Y,Multiple,N,40,1677.09540300,27191.872750
78,Y,Multiple,N,61,73276.76579600,873013.069417
79,Y,Single,N,139,10703.60289000,29888.170143
80,N,Single,N,129,7525.71919500,34403.760363
81,Y,Multiple,Y,177,983.33215000,12817.921245
82,Y,Single,Y,18,1576.35324500,7004.344846
83,N,Multiple,Y,168,2454.18126700,19019.762116
84,Y,Multiple,N,126,6697.04085700,78327.872406
85,N,Multiple,Y,163,1887.19558400,33035.870577
86,N,Multiple,Y,2,1821.25143800,18944.128546
87,Y,Multiple,Y,75,708.12117600,11034.244674
88,N,Single,N,14,7005.23128000,18447.607006
89,Y,Single,Y,44,775.14550500,2423.326441
90,Y,Multiple,N,37,24201.94281500,349228.561559
91,N,Single,Y,40,4029.26694200,25039.343432
92,Y,Single,Y,141,7115.69633700,18699.393925
93,Y,Single,Y,156,438.99978500,2349.067705
94,Y,Multiple,N,86,9920.18930900,154289.045466
95,Y,Single,Y,118,561.53813000,3217.862474
96,Y,Single,N,20,3087.38421100,8789.009526
97,N,Single,N,152,6606.41391900,26980.378139
98,N,Multiple,N,21,7787.92830100,115325.154440
99,N,Multiple,Y,181,3986.19302700,48594.927207
100,Y,Single,Y,45,525.19004000,1599.642108
101,N,Single,Y,49,7309.95740700,29569.480062
102,Y,Multiple,N,89,5528.59022000,53882.213243
103,N,Multiple,Y,38,2992.29245300,26294.797472
104,Y,Single,N,44,2749.34408500,11955.152353
105,N,Single,N,103,11258.49633400,31797.406527
106,Y,Multiple,Y,128,1568.74788900,14424.580977
107,Y,Single,Y,65,1731.79179300,4728.027076
108,Y,Single,N,188,9622.98442800,43997.043181
109,Y,Single,N,173,2500.13071800,5990.620014
110,Y,Single,Y,94,1150.10489200,3589.008572
111,Y,Multiple,N,65,16287.07272100,196080.453465
112,N,Single,N,106,5987.03339500,17538.525372
113,Y,Multiple,N,188,36610.86101200,484492.700651
114,Y,Multiple,Y,167,3072.40667800,33432.159171
115,Y,Single,Y,113,3541.11687300,9139.328885
116,Y,Single,Y,20,1562.90401100,4153.883740
117,N,Single,N,100,8842.15691400,23576.271803
118,Y,Multiple,N,153,10895.95529900,162749.452437
119,N,Multiple,N,45,54067.80844300,587699.980895
120,N,Single,Y,83,4355.41619200,24665.316625
121,N,Multiple,Y,18,2739.48760600,37059.849984
122,Y,Single,Y,73,1376.40411200,3963.307525
123,N,Multiple,Y,72,1524.66315700,24536.281277
124,N,Multiple,Y,197,2333.74404500,32538.736069
125,N,Single,Y,152,2887.49306000,17960.837865
126,Y,Single,Y,8,3119.39670100,10943.963538
127,Y,Single,N,121,2323.36370000,6599.325355
128,N,Multiple,N,9,4163.70332300,69128.385395
129,Y,Multiple,N,114,4181.85462200,66728.223941
130,N,Multiple,N,142,36739.17925200,460033.594809
131,N,Multiple,N,122,53359.08156300,570268.472863
132,N,Single,N,25,11218.39331900,30591.733963
133,N,Multiple,Y,58,3416.55183600,29543.032495
134,N,Single,Y,69,5905.67241700,33251.107273
135,N,Multiple,N,86,26650.77632000,406405.907581
136,N,Multiple,Y,90,6563.62220100,74297.153854
137,Y,Multiple,Y,49,255.73870000,5513.996950
138,N,Multiple,N,52,5703.80557300,75902.255392
139,Y,Single,N,132,12694.78794600,42604.026147
140,Y,Multiple,Y,110,1662.23801800,15461.495747
141,Y,Multiple,Y,144,3433.82944000,50726.253351
142,Y,Multiple,Y,120,1174.51420000,11840.850431
143,Y,Multiple,N,103,9213.79828400,171317.798322
144,N,Single,N,192,5304.14795000,16091.533639
145,N,Single,Y,118,4786.33452100,31076.010377
146,N,Multiple,Y,63,2651.60585400,31113.125116
147,Y,Single,Y,152,1045.99198500,3803.516452
148,Y,Single,Y,196,2146.25097600,7387.168422
149,Y,Multiple,Y,18,795.77205800,12182.547287
150,Y,Multiple,Y,72,617.11930000,9218.450238
151,Y,Single,Y,106,632.08440000,2649.946125
152,N,Multiple,Y,148,3169.17048800,32874.927193
153,N,Single,Y,170,5492.04198300,28855.523180
154,N,Single,Y,155,3777.71685200,25007.923087
155,N,Multiple,Y,116,1842.94246900,23838.007493
156,Y,Single,Y,169,1421.41317200,5428.090177
157,Y,Multiple,N,53,19327.23166100,213222.204028
158,Y,Single,N,73,2400.67658500,6537.908262
159,Y,Multiple,N,167,51218.93596200,808146.346839
160,Y,Multiple,N,94,6369.08307500,92015.851846
161,N,Multiple,Y,191,6525.41574400,67981.418776
162,Y,Single,Y,64,4267.64160800,11857.354130
163,Y,Multiple,N,98,9991.09270000,149022.278987
164,Y,Multiple,Y,93,2049.55682000,22016.074117
165,Y,Single,N,153,1621.82492000,5038.879980
166,N,Multiple,N,144,78111.89376100,1100474.320834
167,N,Single,Y,72,8386.03412400,39828.397325
168,N,Multiple,N,160,45095.88712700,768830.233919
169,N,Single,Y,41,6713.31950300,40549.305593
170,N,Single,Y,178,4342.83698000,34666.152871
171,N,Multiple,N,109,37315.54309100,342460.110327
172,Y,Multiple,N,151,2846.36677100,56844.040592
173,Y,Multiple,Y,52,1539.90018100,15372.866857
174,Y,Multiple,N,181,11903.02244400,175300.021535
175,Y,Multiple,N,33,11972.96662000,145271.388293
176,Y,Multiple,Y,1,1975.26811100,18572.580130
177,N,Single,N,5,3073.90214000,7890.406573
178,N,Multiple,N,27,11127.12335800,186711.567307
179,N,Single,Y,151,3863.27230700,23081.983206
180,N,Single,N,6,6900.59527200,22823.801439
181,Y,Single,Y,183,2835.39873100,10134.500224
182,N,Single,N,29,12039.00365500,35923.566102
183,Y,Single,N,1,36541.69999000,102458.905804
184,Y,Multiple,Y,28,672.55577600,8498.279170
185,N,Single,Y,62,7138.99275100,32947.477344
186,Y,Single,N,164,1678.09274900,4393.185233
187,Y,Single,N,82,1655.07897300,3538.752896
188,Y,Multiple,Y,83,551.27309400,5120.558692
189,Y,Single,Y,101,3065.26493200,11775.232897
190,N,Multiple,N,17,15224.48031100,253838.009359
191,Y,Multiple,Y,161,4654.66966300,22168.388216
192,N,Single,Y,121,6516.11134200,40206.557878
193,N,Multiple,Y,153,2855.81680600,24623.353620
194,Y,Multiple,Y,195,3271.96442900,27377.649316
195,Y,Multiple,N,81,9017.91422500,138081.555848
196,N,Multiple,N,56,8089.39137600,110715.021999
197,Y,Multiple,N,78,6503.50947200,73044.317328
198,N,Multiple,Y,156,2704.89029800,23160.587823
199,Y,Single,N,27,3352.85729500,7311.165080
200,N,Single,Y,112,6470.23627100,31512.000150
201,Y,Multiple,Y,71,569.57007000,6111.620834
202,N,Multiple,N,141,22327.10850900,370448.197281
203,Y,Multiple,N,171,25101.85129800,363968.897753
204,Y,Multiple,Y,84,2177.92369000,16508.231604
205,N,Multiple,Y,68,2003.86770300,21699.436544
206,Y,Single,Y,107,1738.28361800,7660.783874
207,Y,Single,Y,191,1581.44260200,4591.983581
208,Y,Multiple,N,161,36259.43383800,187645.743235
209,Y,Single,N,101,9264.37483600,31835.555515
210,N,Multiple,Y,175,1215.38151800,16217.052035
211,Y,Multiple,Y,76,1427.57309400,14185.285470
212,Y,Single,N,102,23330.38645100,48014.662562
213,N,Single,N,151,2284.37150000,7455.618130
214,N,Multiple,Y,122,5136.68650000,49428.841867
215,N,Multiple,N,28,43691.34341500,346133.675514
216,N,Multiple,Y,185,3335.42646600,30069.774283
217,Y,Single,Y,184,2227.64926200,7477.000388
218,N,Single,N,195,5518.18721000,14509.584836
219,Y,Multiple,Y,199,3192.61169400,22922.776245
220,N,Multiple,Y,54,1476.74759100,21398.312217
221,N,Single,N,41,4398.48631200,11470.745561
222,Y,Multiple,N,182,32280.86837400,130242.570580
223,N,Single,Y,6,6961.49378100,28689.600520
224,Y,Single,N,155,6714.82550300,12574.686074
225,Y,Multiple,N,148,5901.21213600,83107.117888
226,N,Single,Y,55,6243.99197600,27388.541274
227,N,Multiple,N,14,28646.26040200,254651.783576
228,Y,Multiple,N,116,32231.14844900,504483.331921
229,Y,Multiple,N,109,17539.18467200,264779.523942
230,Y,Single,N,170,1095.35246000,2970.223028
231,Y,Single,N,110,3763.85450500,8744.659278
232,N,Multiple,Y,130,4204.44982600,44425.001501
233,Y,Multiple,N,129,59004.93836200,808779.977186
234,N,Multiple,N,111,5146.25080300,85506.030493
235,N,Multiple,N,147,25036.27725500,323266.896489
236,N,Multiple,Y,70,3178.54899500,37244.475286
237,N,Multiple,Y,77,1969.71132900,22744.828861
238,N,Single,Y,119,4740.39442600,25924.988798
239,Y,Single,Y,131,3030.17792800,7944.095378
240,N,Multiple,N,85,84500.63469700,701453.699462
241,N,Multiple,Y,26,2974.83054100,43848.725387
242,Y,Single,N,158,8413.77044500,14540.555363
243,N,Multiple,N,177,20112.05262200,281907.668786
244,N,Multiple,N,49,30822.79194900,223351.360232
245,N,Single,N,18,32633.85899900,67063.473266
246,N,Single,N,196,2251.22274500,8966.642496
247,Y,Multiple,Y,86,1683.98865000,19003.058973
248,Y,Single,Y,192,3232.66775300,9916.757641
249,Y,Multiple,N,27,6360.20538200,94057.241397
250,N,Single,N,64,35206.57272700,88008.387022
251,N,Single,Y,120,6416.67255000,31218.110886
252,N,Multiple,N,140,27117.44631100,332490.800386
253,Y,Single,N,6,8994.03953100,34440.445197
254,N,Multiple,Y,112,2864.48531400,31307.983977
255,Y,Single,Y,151,442.07937800,2065.937144
256,N,Single,Y,109,9765.53467500,40157.101762
257,N,Multiple,Y,16,1611.02050700,22154.589772
258,N,Multiple,N,13,6769.51283000,81835.385606
259,N,Single,N,34,3618.59503400,16771.592792
260,Y,Multiple,N,193,2694.06761900,69670.448944
261,N,Multiple,Y,188,1990.87980300,23469.139397
262,Y,Single,Y,187,1749.26063300,8533.295689
263,Y,Single,N,23,1103.46141500,2729.999151
264,N,Single,N,86,6576.31584600,40506.263745
265,N,Single,Y,106,4147.36566900,25326.401364
266,N,Multiple,N,46,14797.82942600,108348.849431
267,Y,Multiple,N,74,18242.28204900,165949.448184
268,N,Multiple,Y,41,995.67214300,14804.021251
269,Y,Single,N,10,1273.16318800,3306.629386
270,Y,Multiple,N,5,14098.57721100,191894.512519
271,N,Multiple,Y,142,4100.70008600,44135.758616
272,Y,Single,N,140,26107.74839000,57076.945386
273,N,Single,Y,52,3550.84917300,18831.198715
274,Y,Single,Y,16,1968.20115700,5944.820754
275,Y,Multiple,Y,114,436.72260000,5103.859646
276,Y,Multiple,N,12,8923.51681500,80350.353135
277,Y,Multiple,Y,134,1778.66167700,16433.907338
278,N,Multiple,N,32,67140.29282900,686007.343650
279,N,Multiple,N,104,2346.28255000,45461.553723
280,N,Single,N,95,10113.98027400,24824.124749
281,Y,Single,Y,36,1038.85405000,4934.637385
282,Y,Multiple,N,55,10089.88235600,95696.588940
283,N,Multiple,N,105,19354.72984300,228345.333578
284,N,Single,N,22,5173.87773500,16274.408099
285,N,Single,Y,194,3861.69602800,21733.314188
286,N,Single,Y,125,4378.14776300,28565.294113
287,Y,Single,Y,138,1763.96850000,4560.680125
288,Y,Multiple,Y,121,1295.72052000,7952.416135
289,N,Multiple,N,186,13889.89567700,281849.119746
290,N,Single,N,124,1856.02790500,6029.700859
291,Y,Single,N,22,4690.32689600,9738.902965
292,N,Single,N,3,4147.06205700,13529.442676
293,Y,Multiple,Y,166,2538.79550100,33773.298951
294,N,Multiple,Y,91,552.81193000,10052.826171
295,N,Single,Y,166,3554.44469500,17064.518092
296,N,Multiple,Y,103,4057.86499700,36248.215807
297,Y,Single,Y,134,2182.79097500,6048.997853
298,Y,Multiple,Y,44,884.60434100,11151.440959
299,Y,Multiple,Y,156,306.12985000,5601.136535
300,Y,Single,Y,114,522.69800000,3479.125800
301,Y,Single,Y,112,899.05357600,4621.779000
302,Y,Multiple,Y,7,1624.68232100,18165.127358
303,N,Multiple,N,19,20686.37028000,276180.351992
304,Y,Single,Y,172,2175.67188200,6979.169273
305,N,Multiple,Y,23,6012.69531200,68693.387717
306,N,Single,N,128,10856.15280100,21690.330431
307,Y,Multiple,Y,119,1917.60663700,19313.704052
308,N,Single,N,108,3346.86975700,7894.643650
309,N,Single,N,102,6035.42629700,28101.676966
310,Y,Single,Y,51,895.59734000,3770.016976
311,N,Single,Y,59,9528.36881800,43477.730417
312,Y,Multiple,Y,143,1480.40699400,20224.462756
313,N,Multiple,Y,44,3241.01235900,28887.263772
314,N,Single,Y,114,5303.86263100,29239.223052
315,N,Multiple,Y,62,1653.41274000,22200.098284
316,Y,Multiple,N,25,1207.07192000,21299.323455
317,N,Multiple,Y,37,792.53380500,17194.065444
318,Y,Single,N,144,8049.87784600,17336.929487
319,N,Single,N,149,5473.52063200,21086.195157
320,N,Single,N,178,5001.95441700,13137.258828
321,N,Multiple,N,88,15802.13648700,201885.479911
322,N,Multiple,Y,85,5760.83920400,51500.047154
323,N,Multiple,N,62,13931.06820300,171352.849447
324,N,Single,Y,192,2579.97438600,15620.271743
325,Y,Multiple,Y,103,1357.95518000,11825.103195
326,N,Single,Y,117,8849.17694200,33632.030908
327,N,Single,Y,34,8276.85826700,44924.268133
328,Y,Multiple,Y,155,1784.39122500,21202.292839
329,N,Multiple,Y,56,1293.25397400,17352.939504
330,N,Single,Y,16,4963.92405500,33486.041867
331,Y,Multiple,N,155,24496.02408500,243483.435620
332,N,Single,N,94,4694.15233000,13937.640038
333,Y,Multiple,N,170,2813.24855800,40547.418944
334,N,Multiple,Y,55,4434.55313600,31700.013835
335,N,Single,N,12,7630.04178000,26450.259109
336,N,Multiple,Y,141,3760.54480500,41176.220059
337,Y,Single,Y,174,741.21825000,2667.986870
338,N,Single,Y,33,5753.81784600,36701.174158
339,Y,Single,N,160,6855.98748500,13097.156801
340,Y,Multiple,Y,3,1575.54381400,10962.763089
341,N,Multiple,Y,79,6252.99441000,81795.810933
342,N,Multiple,N,108,42840.35055000,306159.733343
343,N,Multiple,N,128,26168.12999100,259122.824166
344,N,Multiple,N,102,8472.07988500,157851.005649
345,Y,Single,N,84,6325.75875000,12409.860342
346,N,Single,N,65,8043.08453100,27319.674512
347,Y,Multiple,Y,172,3828.17063800,45638.822913
348,N,Single,Y,129,2656.02649700,16209.390465
349,Y,Multiple,Y,61,1980.24468300,21613.223529
350,N,Multiple,Y,149,2614.79125900,29066.413151
351,N,Multiple,N,157,53507.64133400,560985.006859
352,Y,Single,Y,128,1154.22186900,4795.341736
353,Y,Single,N,130,1488.59641500,3002.187753
354,Y,Multiple,N,35,26739.69421400,314250.050398
355,N,Multiple,Y,28,4013.67881200,31686.073713
356,Y,Multiple,N,124,12285.40058700,150668.571071
357,Y,Single,N,126,1608.35254500,5623.818436
358,N,Single,Y,195,3889.56772800,19065.309164
359,N,Multiple,Y,118,1264.66026800,22451.964777
360,N,Single,Y,63,5468.63409000,25571.688389
361,N,Multiple,N,38,33279.67095100,293577.995793
362,Y,Single,N,88,8976.51983600,23170.123676
363,N,Multiple,N,138,67051.05585000,561586.325841
364,N,Multiple,N,36,11917.09906100,160059.656372
365,Y,Single,Y,72,1559.28292500,7033.421137
366,Y,Single,N,49,1840.03589500,5372.039061
367,Y,Single,N,45,444.65170000,940.635250
368,N,Multiple,N,188,13041.71160200,203048.333135
369,Y,Single,N,79,601.24010000,1721.661486
370,Y,Multiple,Y,182,4255.57863700,16129.361974
371,N,Single,N,8,5011.52866000,12866.817469
372,N,Multiple,Y,94,1197.60080500,19691.716566
373,N,Multiple,Y,167,2437.07092600,29950.928804
374,N,Single,Y,174,2120.99531500,17003.489408
375,N,Single,Y,133,11054.48402600,41134.109709
376,N,Single,Y,24,5420.13467700,29800.978792
377,Y,Multiple,N,63,2774.25607100,41957.390653
378,N,Multiple,N,155,7981.68761000,123379.931122
379,N,Single,N,57,2856.21940100,8806.204924
380,Y,Single,Y,19,5056.45817800,14189.081619
381,N,Single,Y,128,5229.41261600,28504.443489
382,Y,Multiple,N,106,3034.71287400,47551.065509
383,Y,Multiple,N,152,14579.23871000,198326.809885
384,Y,Multiple,Y,162,2452.03610500,24230.863279
385,N,Multiple,Y,14,3007.79885800,36273.541313
386,Y,Multiple,Y,92,2764.47790000,28433.191945
387,N,Multiple,Y,164,2893.40386400,28941.722390
388,N,Single,N,31,5088.63476600,17654.442660
389,Y,Multiple,Y,148,991.05305000,9860.469034
390,N,Single,N,63,6788.67517000,14415.076866
391,N,Multiple,Y,127,3333.34019900,26754.951407
392,N,Single,N,26,4038.08699900,15028.160545
393,N,Multiple,Y,82,1108.21683500,19420.907707
394,Y,Single,Y,155,3420.12645300,8951.046168
395,Y,Multiple,N,105,23822.57897800,323180.689495
396,N,Multiple,N,43,20757.78466000,244769.886693
397,Y,Single,Y,125,2935.10471500,15700.755585
398,N,Single,Y,82,5713.01529200,36117.788659
399,N,Single,N,115,13229.19803300,33622.319177
400,Y,Single,Y,194,2398.02141300,6016.555697
401,N,Single,Y,97,8693.29490400,34290.373949
402,N,Single,Y,199,4609.98223600,23094.643723
403,Y,Single,N,116,4657.86080500,12985.784769
404,Y,Single,N,194,13422.10430600,26534.465696
405,Y,Single,N,125,3503.36041100,10291.031983
406,Y,Single,N,11,5164.59420400,16650.182733
407,Y,Single,Y,109,1984.01404600,7912.815730
408,N,Single,N,119,2804.66965000,9827.546367
409,N,Single,Y,25,7726.68846800,36783.787840
410,Y,Single,N,162,11649.75535200,20270.110756
411,N,Single,Y,50,3409.24558300,21661.845842
412,Y,Multiple,Y,112,569.43973500,8609.885657
413,N,Single,N,174,1213.93000000,5805.929542
414,Y,Single,Y,117,1349.65288000,5353.171318
415,Y,Single,N,195,36959.32085700,72381.577321
416,Y,Multiple,Y,89,819.14616000,6239.301360
417,N,Multiple,Y,174,807.44959400,10806.769400
418,N,Multiple,N,197,32832.20699700,301995.468581
419,N,Single,Y,162,3709.27094900,21086.640973
420,N,Single,N,73,40480.43989800,120668.216929
421,N,Single,Y,11,3599.13310500,25862.216482
422,N,Multiple,N,53,29149.74153200,321805.739089
423,Y,Single,Y,6,2431.00314600,8987.634849
424,Y,Multiple,Y,27,810.80828000,8111.475512
425,N,Multiple,Y,150,2691.49640500,28840.406576
426,N,Multiple,N,69,15821.04869500,234257.724297
427,N,Multiple,N,192,13704.68815900,177684.488491
428,Y,Multiple,Y,197,3551.71518200,22568.359822
429,N,Single,Y,146,5176.96858900,33282.207962
430,Y,Multiple,Y,152,1245.08612500,14645.465884
431,Y,Multiple,Y,106,284.51275000,3743.986090
432,Y,Multiple,N,123,20062.11707500,179681.601673
433,N,Single,N,185,23056.99329600,46873.674118
434,N,Multiple,Y,5,2498.68831400,30247.556574
435,N,Single,Y,140,3032.28953000,19166.781521
436,N,Multiple,N,41,8308.94912800,108795.201824
437,N,Multiple,Y,12,1506.83494500,26948.153618
438,Y,Multiple,Y,17,1669.56673500,20934.323186
439,N,Multiple,Y,134,2153.14234000,25528.939131
440,N,Multiple,N,5,12652.04657000,126514.521924
441,N,Single,N,140,10809.00905300,28285.475995
442,N,Multiple,Y,114,1669.04524400,24090.955784
443,Y,Single,Y,31,3056.53368000,7349.658395
444,N,Single,Y,126,3356.15640400,19824.876145
445,N,Single,N,85,16310.38609200,59636.600123
446,N,Single,Y,26,6413.87732500,33736.026693
447,Y,Multiple,Y,67,600.86910000,5865.895649
448,N,Multiple,N,181,45806.55136600,439890.211416
449,N,Single,N,45,13379.70590400,34127.403334
450,N,Single,Y,53,7079.40344000,40382.230662
451,N,Single,Y,197,7927.05940100,41378.669692
452,N,Multiple,N,180,6489.64963600,105336.477690
453,Y,Multiple,N,128,11805.46162800,138818.541846
454,Y,Multiple,N,108,15063.98293900,221468.201961
455,Y,Single,Y,167,2755.81708200,6885.036849
456,N,Single,Y,147,6314.57878100,38117.053918
457,N,Single,N,49,4562.62746200,10891.456041
458,Y,Single,N,65,7081.28629200,15222.329235
459,Y,Multiple,Y,149,1250.94723500,9789.506193
460,Y,Multiple,Y,129,4776.92649500,59432.099950
461,Y,Multiple,N,99,17838.93807500,145632.847023
462,Y,Single,N,186,1231.75640100,3242.331524
463,Y,Single,N,58,2365.77684800,7214.285148
464,N,Multiple,Y,111,777.36329000,9147.765267
465,Y,Single,N,115,1373.64461000,4841.333665
466,Y,Multiple,N,13,12688.72877700,157764.970671
467,Y,Multiple,N,43,2960.64866400,56957.870730
468,N,Multiple,Y,69,1381.37835800,24558.426099
469,N,Multiple,Y,113,2360.23952800,29877.987896
470,Y,Single,Y,198,1496.08905000,6115.211450
471,Y,Single,N,95,1194.81249600,2205.184599
472,N,Single,N,126,12500.44504400,34999.710472
473,N,Multiple,Y,131,3412.92384200,47875.874400
474,N,Single,N,154,2940.09459800,9474.510623
475,N,Multiple,Y,146,2696.79172200,33258.623976
476,N,Single,N,81,5308.44211400,20147.122032
477,N,Single,N,127,16730.11154500,59795.244240
478,Y,Single,N,75,1309.38240000,5068.789540
479,Y,Multiple,N,90,25686.32219300,331918.091816
480,N,Single,Y,157,9586.13512300,52055.092017
481,Y,Multiple,Y,171,1873.70285600,24642.417536
482,Y,Single,N,113,3576.85142500,7016.129907
483,Y,Single,N,69,4634.45865800,15030.129409
484,N,Single,N,182,14835.35679600,33949.487985
485,Y,Multiple,N,93,16629.40338300,185668.325092
486,N,Multiple,Y,155,1149.75226000,20926.472377
487,Y,Multiple,Y,31,1709.16500200,19281.277534
488,Y,Single,Y,173,1462.07375500,5463.615245
489,Y,Multiple,Y,60,208.91450000,1808.333075
490,N,Multiple,N,92,12074.46674300,183795.131876
491,Y,Multiple,N,138,53253.96587200,744669.115071
492,Y,Multiple,N,38,3953.57783200,65640.034016
493,N,Multiple,Y,73,4435.84026900,43239.630347
494,Y,Single,N,33,3006.92518900,8510.798501
495,N,Single,Y,44,3856.36750700,20290.692344
496,N,Single,Y,7,4171.25204900,17776.210115
497,Y,Single,Y,135,5024.35542100,13270.864985
498,Y,Single,N,181,7891.01882000,18406.109145
499,Y,Single,Y,171,1497.63930700,5161.726900
500,Y,Single,Y,143,875.06336800,3428.138029
501,Y,Multiple,N,0,26622.47703900,489197.480373
502,N,Multiple,Y,60,3309.94426200,45984.280703
503,N,Multiple,Y,31,1864.12667400,21292.311160
504,N,Multiple,N,93,6796.09642300,88050.493601
505,N,Multiple,N,11,17894.19841100,226578.202066
506,N,Multiple,N,162,8890.48931800,141657.867463
507,N,Single,N,51,5003.68848500,12019.755404
508,N,Single,Y,144,10443.62466000,55604.678869
509,N,Single,N,146,12351.17792400,33708.906717
510,N,Single,Y,110,4735.29960500,22109.624675
511,N,Single,Y,160,5504.21868000,24036.694854
512,N,Multiple,N,74,57244.49276400,541544.566319
513,Y,Multiple,N,30,6289.23340800,116298.904262
514,N,Single,Y,100,13036.62493500,62361.521084
515,Y,Multiple,N,42,70449.08616600,436689.758665
516,Y,Multiple,N,165,30969.36861200,352253.980049
517,N,Multiple,N,166,18145.75869500,237151.707596
518,Y,Multiple,N,121,2982.89186800,34602.851402
519,N,Single,N,194,3729.25926000,10009.499516
520,Y,Single,N,36,6244.57400500,21950.867121
521,N,Single,N,116,3678.88299900,10471.629195
522,Y,Single,Y,35,7061.56318800,19094.661095
523,Y,Single,Y,124,3740.50328100,9969.967119
524,N,Multiple,N,55,43441.83849200,339615.988827
525,N,Multiple,Y,121,2383.52574900,24719.720821
526,N,Multiple,N,4,11084.89186700,157600.203007
527,N,Single,Y,36,6194.45135500,39757.509862
528,Y,Multiple,Y,176,630.66836000,7251.601583
529,Y,Single,N,185,4270.44576000,18540.114145
530,Y,Single,Y,38,486.02187000,1916.676467
531,Y,Single,Y,175,1828.83924200,5705.472631
532,Y,Single,N,174,726.24811500,1900.639716
533,Y,Single,N,54,971.01899200,1964.688050
534,Y,Single,Y,67,1481.69109000,4683.388237
535,Y,Multiple,Y,145,724.72501500,10502.529270
536,Y,Multiple,N,80,18796.78634700,217520.433104
537,N,Single,Y,136,3138.10620600,22598.901639
538,N,Single,Y,1,4086.66980900,28053.560960
539,N,Single,Y,29,6050.38814500,26490.792515
540,Y,Single,N,96,2648.84796000,7595.959466
541,Y,Multiple,Y,164,567.52554800,8647.487814
542,Y,Multiple,Y,127,1614.91247500,16299.759812
543,Y,Single,N,63,1699.38039800,4357.784140
544,N,Single,Y,71,4002.86499700,22014.068151
545,Y,Multiple,Y,82,2950.47244100,25603.108892
546,Y,Single,N,152,1417.08106000,3800.295952
547,Y,Single,Y,11,2299.80162400,8676.679913
548,Y,Single,Y,162,2501.61360200,7338.596170
549,N,Multiple,N,76,30737.05398600,336766.215088
550,N,Multiple,N,39,22689.22309000,342582.304377
551,N,Multiple,Y,187,4995.74437100,56892.563473
552,Y,Multiple,N,133,21657.20232000,271371.098953
553,N,Single,Y,66,14056.51151000,64665.223368
554,Y,Single,N,21,11740.02921800,21757.061982
555,Y,Multiple,Y,159,2809.12928200,16884.970789
556,Y,Single,Y,180,2376.48575200,6049.627679
557,N,Single,N,113,13518.49431400,54409.519294
558,Y,Single,N,100,2405.24259500,4882.130980
559,Y,Single,N,106,7038.05066000,16250.507945
560,N,Multiple,N,103,50512.32949400,455415.824856
561,Y,Multiple,N,44,6490.81910800,106325.330361
562,Y,Single,N,9,29483.69590700,58646.378116
563,Y,Multiple,N,45,893.32117100,15039.557850
564,Y,Single,N,114,816.99307500,1942.951861
565,N,Single,N,93,8815.18473200,36642.333413
566,N,Single,Y,60,8502.31408000,50377.052574
567,Y,Single,N,47,754.24795000,3591.756800
568,N,Single,N,98,5987.04161000,32633.923206
569,N,Single,N,132,8535.86231600,28452.223176
570,N,Single,N,74,8069.34294800,17881.003320
571,Y,Single,Y,165,3414.00299400,9656.736365
572,N,Multiple,N,77,11527.13070300,218488.422825
573,N,Single,Y,54,3651.38434400,23946.991977
574,Y,Multiple,Y,48,1970.09023400,19690.645493
575,Y,Single,Y,21,2265.67424500,7368.629440
576,Y,Single,N,28,3705.14775000,17991.310524
577,Y,Single,Y,185,1127.65252200,4299.689564
578,Y,Single,Y,89,837.12955000,2437.958975
579,N,Single,Y,76,8996.83229700,37722.307258
580,N,Single,Y,39,5133.57264600,26472.322928
581,N,Multiple,N,75,12588.69881400,116830.740805
582,Y,Multiple,Y,78,1480.76169000,14283.030442
583,Y,Single,Y,157,870.60904200,3415.161480
584,N,Single,N,161,5652.61723300,16405.990479
585,Y,Multiple,Y,81,642.68670500,12988.316580
586,N,Multiple,Y,184,3287.20014200,31835.099926
587,Y,Single,N,57,6914.52668500,20511.950373
588,Y,Single,N,15,508.97834000,1772.846534
589,N,Single,N,58,12733.06509800,58562.635290
590,N,Multiple,N,99,23434.79432300,339547.486287
591,N,Single,N,186,7444.67721100,19984.409737
592,N,Single,Y,182,7610.77741600,35518.601070
593,Y,Multiple,N,179,5702.05885200,85604.542412
594,Y,Multiple,N,189,6916.66900400,91182.194950
595,Y,Multiple,N,10,36352.03178500,333081.037104
596,N,Multiple,N,182,63073.67793200,422422.574220
597,Y,Single,N,86,27320.32228000,61230.288111
598,Y,Single,N,90,7740.46305500,18430.401375
599,N,Single,Y,138,9483.02650000,52642.721832
600,Y,Multiple,N,17,19243.30101600,240859.292842
601,N,Multiple,N,12,10415.66643000,149952.665276
602,N,Single,N,2,14246.43666100,48643.887556
603,Y,Single,Y,98,1679.18073000,6292.132827
604,N,Single,Y,103,4583.26059000,26160.905217
605,Y,Multiple,N,118,6580.23257300,128937.033183
606,Y,Single,Y,13,1767.07407800,5323.220452
607,N,Single,N,165,7151.51286600,17664.015605
608,Y,Multiple,Y,51,239.62985000,3399.715431
609,Y,Single,Y,74,2683.50520000,6325.243597
610,N,Multiple,N,84,42552.00342600,454697.305544
611,N,Single,Y,137,6383.04768000,38409.134222
612,N,Single,N,187,13843.18364800,29917.318051
613,Y,Multiple,Y,32,938.90606500,15942.155727
614,Y,Single,Y,22,1765.63375000,6194.610415
615,Y,Multiple,Y,105,2176.04993800,26883.361956
616,Y,Multiple,Y,104,1014.65200000,7964.104570
617,Y,Multiple,N,71,5022.56735000,61011.056265
618,Y,Multiple,Y,13,875.96135000,8867.645336
619,N,Multiple,Y,139,2283.52129300,20034.528029
620,N,Single,Y,8,3197.02640600,20772.087685
621,Y,Single,Y,115,288.62460000,1765.831261
622,N,Multiple,Y,32,7453.16413700,64593.786494
623,Y,Single,N,17,2294.33529400,5518.092640
624,N,Single,Y,9,3323.58140200,20593.875475
625,Y,Multiple,Y,55,943.14848000,10084.199936
626,N,Single,Y,22,2698.76771600,18848.522974
627,N,Multiple,Y,104,363.62909800,3802.210496
628,Y,Single,N,61,10585.82907900,22430.288419
629,N,Single,Y,85,9135.01576400,45060.338256
630,Y,Multiple,N,185,5909.21627800,80504.897022
631,Y,Multiple,N,174,4134.92223000,55104.354714
632,N,Multiple,Y,138,4472.17583500,60990.055966
633,Y,Multiple,Y,38,688.96795100,8385.450895
634,N,Single,N,141,18794.18427800,47739.923333
635,Y,Single,N,171,9761.94059500,27184.897730
636,N,Single,Y,68,4594.88092300,24641.094328
637,N,Single,N,135,23789.17819700,90119.673740
638,N,Single,Y,99,11892.54610800,56024.706894
639,N,Single,Y,179,4929.56239200,29663.862097
640,N,Multiple,N,189,12014.99371700,210331.005252
641,N,Single,N,68,5471.49010500,28465.262884
642,Y,Single,N,104,2445.33161500,7955.992776
643,Y,Multiple,Y,62,2628.71605000,25052.872642
644,Y,Single,N,32,2183.02266400,5528.280188
645,Y,Single,Y,166,3571.40398800,9734.725548
646,Y,Single,Y,27,3084.50101000,8682.305808
647,Y,Single,Y,69,1211.55920200,4318.061127
648,N,Single,N,53,14116.41606900,59103.184462
649,Y,Multiple,Y,5,1840.87286200,18903.528721
650,N,Multiple,N,149,48947.69411400,332820.559919
651,Y,Multiple,Y,90,3006.03401700,27693.999818
652,N,Single,N,197,15016.38848400,37222.948906
653,Y,Multiple,N,172,42473.41319300,506548.282334
654,N,Multiple,Y,33,2157.90419000,29797.959663
655,Y,Multiple,N,51,3449.88094000,32955.672037
656,Y,Single,N,13,1957.71324900,5118.745225
657,N,Single,N,167,4138.22251500,13281.887813
658,Y,Multiple,Y,170,263.66340000,3745.016854
659,N,Multiple,N,67,19157.38999500,211119.617540
660,Y,Multiple,Y,138,4028.59850000,51254.572416
661,Y,Multiple,Y,36,251.45460500,4289.843615
662,N,Single,N,137,5503.19719900,23820.491764
663,Y,Multiple,N,32,10395.45413000,172471.611568
664,N,Multiple,N,139,10039.12434300,119102.136950
665,N,Multiple,N,68,14306.26631800,149571.542054
666,Y,Multiple,N,104,5086.91344200,71093.556909
667,Y,Single,N,122,2897.26421700,6663.038524
668,N,Single,Y,142,7689.39631900,36481.897075
669,Y,Single,Y,153,1333.83970000,5619.742168
670,Y,Multiple,N,111,42846.95166200,463783.921490
671,N,Multiple,N,48,8517.54031600,151302.137427
672,Y,Multiple,Y,70,2900.65733500,23004.044154
673,Y,Multiple,N,197,16786.29640800,168002.536979
674,Y,Single,Y,119,4210.70800000,14185.250626
675,N,Single,N,19,27717.81200900,89017.342313
676,Y,Multiple,Y,77,586.73095500,5811.344220
677,Y,Multiple,Y,57,1643.83431900,16159.925738
678,N,Single,Y,15,11082.60061800,55545.256576
679,N,Multiple,N,146,20546.77083400,218142.486013
680,N,Multiple,Y,51,3487.99838300,26743.737402
681,N,Multiple,Y,172,1445.39397500,30729.129047
682,N,Multiple,N,66,45052.83123600,390010.485356
683,N,Multiple,N,175,7559.79392100,122582.733381
684,N,Multiple,Y,29,3384.12216100,28373.336186
685,N,Single,Y,75,3594.08644000,20332.440372
686,N,Multiple,Y,144,8091.20829800,94070.493051
687,N,Multiple,Y,120,3444.50495100,32726.749872
688,N,Multiple,Y,160,2717.31170400,26492.603637
689,Y,Single,N,93,4668.35877200,11729.408221
690,N,Multiple,Y,110,1381.86589300,17465.440593
691,Y,Single,Y,91,3672.18264200,11557.858574
692,Y,Single,Y,60,253.45455000,1388.056100
693,Y,Single,N,74,1261.37200000,2193.141132
694,N,Single,Y,91,2396.53234800,18972.315513
695,Y,Single,N,166,24587.14085100,50656.264738
696,Y,Single,N,59,638.78702500,1546.964802
697,N,Single,N,158,10564.06661900,28995.339652
698,Y,Multiple,N,102,16938.30003500,230101.938579
699,Y,Single,N,156,1885.95256000,6603.980507
700,N,Single,N,62,9392.17392200,41310.491157
701,N,Multiple,N,101,10845.77111500,172107.854034
702,Y,Single,N,7,1697.26109500,4547.605786
703,Y,Single,N,189,8714.81267000,15844.348280
704,Y,Single,Y,139,4393.28819500,13161.318412
705,N,Single,N,88,9264.16097300,29017.532791
706,N,Single,N,121,20304.00537200,70039.462785
707,N,Multiple,N,153,24229.59484200,219137.085230
708,Y,Single,N,187,7037.61894000,106876.926172
709,Y,Single,Y,137,1944.79817500,4441.793049
710,Y,Multiple,Y,43,374.17870000,4235.366012
711,N,Multiple,N,81,9819.41141400,151663.733090
712,N,Multiple,N,126,14364.11761900,198830.960657
713,N,Multiple,N,154,14525.54129500,282850.804578
714,N,Single,N,70,23895.55650000,45123.207554
715,N,Single,Y,190,6470.64397600,49340.307014
716,N,Single,N,157,16632.15563800,41605.070471
717,N,Multiple,N,47,5959.47067600,67103.440010
718,N,Multiple,Y,71,1888.04586900,22032.474288
719,Y,Single,Y,161,13864.42051300,28242.370741
720,Y,Single,N,48,2900.83992900,9025.508200
721,N,Multiple,Y,42,541.93528400,9153.775277
722,N,Single,N,66,8309.00197900,32909.958906
723,N,Single,N,181,7880.64612700,32479.508579
724,N,Single,Y,143,6437.39891600,32641.653108
725,N,Multiple,N,79,66603.76980700,795905.173066
726,Y,Single,N,180,1713.23131200,3383.444446
727,N,Single,Y,135,3541.05498500,22292.930395
728,Y,Multiple,N,3,15734.25299000,116267.715648
729,N,Single,N,33,18364.57124500,39630.710107
730,Y,Single,N,177,8418.05042900,47537.519932
731,Y,Multiple,Y,95,3301.71241900,37977.105658
732,N,Single,Y,124,3480.48637500,20301.090650
733,N,Single,Y,35,7722.24552700,40053.158693
734,N,Multiple,Y,186,1625.88266000,28826.246669
735,N,Single,N,107,18366.53872900,44440.355423
736,Y,Multiple,Y,9,2621.43665800,29462.505042
737,Y,Multiple,Y,142,1647.23012200,11958.231185
738,Y,Single,N,67,11032.69134900,18809.328800
739,N,Single,N,191,3236.24028000,7649.510200
740,N,Multiple,N,10,21725.65466800,199182.418681
741,Y,Single,Y,163,997.15962400,3601.195702
742,Y,Single,Y,1,1831.64399100,7851.798275
743,Y,Single,Y,136,1739.45080600,5975.862280
744,N,Multiple,Y,89,2372.99414800,27493.714841
745,Y,Multiple,N,146,51821.72818600,556947.060005
746,Y,Single,N,42,183081.20763700,272900.700222
747,N,Single,N,153,4943.23647000,13106.848397
748,Y,Single,N,165,13722.37602700,30675.245524
749,Y,Single,Y,7,2447.65298300,9346.228216
750,N,Multiple,Y,59,3021.26096100,43938.805922
751,Y,Multiple,N,72,6731.38368200,99858.064714
752,N,Single,N,16,4953.43058500,14370.850063
753,N,Single,Y,80,6623.03966700,38542.113536
754,N,Single,Y,84,9216.71649200,42755.016599
755,Y,Multiple,Y,37,3447.75598000,33006.537492
756,Y,Multiple,Y,130,1642.46373000,15802.630834
757,N,Single,N,143,4452.45042400,8996.798472
758,N,Single,N,78,11460.37688900,35425.252260
759,N,Single,N,163,11579.83382500,28434.661640
760,Y,Single,N,178,1615.26797700,6362.474625
761,N,Single,N,1,5036.70187000,13565.094358
762,Y,Single,Y,56,2086.06297200,8776.389105
763,N,Multiple,N,165,21630.36559300,177122.758855
764,N,Multiple,N,30,8774.46809600,108680.066149
765,Y,Multiple,Y,74,1606.55172300,11655.776020
766,N,Multiple,N,42,12369.06946900,111682.457049
767,Y,Single,N,133,27826.27756700,60195.233498
768,N,Multiple,N,168,15017.86364000,164030.175585
769,N,Single,Y,43,3622.69371900,19185.053534
770,Y,Single,Y,105,1658.73374600,7269.464998
771,Y,Multiple,Y,132,476.38924000,5355.372726
772,N,Multiple,N,6,12067.28676700,150127.798457
773,Y,Multiple,N,73,17361.07403400,229804.782511
774,N,Multiple,Y,151,1213.12125100,24057.443928
775,Y,Multiple,Y,64,6172.05588900,56725.127086
776,N,Single,Y,169,5703.13259500,40022.595732
777,Y,Single,N,40,464.75575000,1610.946046
778,N,Single,Y,173,5875.58178800,32118.919426
779,Y,Multiple,N,127,6834.41336900,97265.712438
780,Y,Single,Y,159,2560.50674800,5979.483536
781,Y,Multiple,Y,179,655.22555000,6890.810408
782,N,Multiple,N,89,18797.40707400,225048.557648
783,Y,Single,N,168,5002.33717300,11076.746775
784,N,Single,N,40,24479.95437000,83088.641046
785,N,Multiple,Y,101,1642.43115600,20239.094323
786,Y,Single,Y,189,1393.53547600,4084.557448
787,Y,Multiple,N,199,36375.38028100,316013.451018
788,N,Single,Y,88,3870.27176600,24605.332941
789,Y,Single,N,184,8308.22949600,16996.055104
790,N,Single,Y,45,7154.30675300,33641.149986
791,Y,Multiple,Y,102,1454.21377000,20706.271378
792,Y,Multiple,Y,108,1585.82352000,20441.637599
793,N,Single,N,44,4819.84531000,16294.584350
794,Y,Single,Y,84,1463.98704500,4545.981951
795,Y,Single,N,78,7748.92395900,17664.995498
796,N,Single,Y,65,3467.30037700,16713.113146
797,N,Single,N,184,7106.02019700,21469.746952
798,N,Multiple,N,199,7738.27517700,71733.273624
799,N,Multiple,Y,102,2365.00890500,31009.087882
800,Y,Single,N,163,1819.69545000,4017.520420
801,N,Single,Y,189,5408.80635100,26834.276751
802,N,Multiple,N,131,28381.48160200,405327.832456
803,Y,Multiple,N,83,7085.54985900,129077.515799
804,Y,Single,Y,30,292.14827000,1473.117750
805,Y,Multiple,N,8,10281.90457600,90481.578179
806,Y,Multiple,N,194,61741.19827000,782616.396078
807,Y,Multiple,N,125,6963.06544100,96074.063186
808,N,Multiple,Y,83,1207.70760600,18327.513555
809,N,Single,Y,98,3285.49493700,28557.116180
810,Y,Multiple,Y,73,2114.88281900,26224.734815
811,Y,Single,Y,0,688.18760000,2389.599176
812,Y,Single,Y,47,828.00845000,5468.752350
813,Y,Single,Y,154,1501.36041600,4619.096184
814,N,Multiple,N,129,6719.84396700,150501.033346
815,Y,Single,Y,83,791.55753700,3196.912580
816,Y,Multiple,N,158,15469.04776200,137529.496448
817,N,Single,N,28,12072.38996400,35055.780549
818,Y,Single,Y,199,4964.57178900,17280.852570
819,Y,Multiple,Y,123,1607.67059300,13347.890228
820,Y,Single,Y,116,2663.39606500,8937.730269
821,Y,Multiple,N,150,17909.08669400,231392.322191
822,Y,Multiple,N,191,6851.08208200,115954.220349
823,Y,Single,Y,25,573.14750000,3622.388450
824,Y,Single,Y,52,1767.96877600,6008.850400
825,Y,Multiple,N,29,5620.32641000,109934.647298
826,Y,Single,Y,68,6435.02483500,15058.730835
827,Y,Multiple,N,136,8209.83517400,109860.882088
828,Y,Single,N,135,25487.10262600,52724.964224
829,Y,Single,N,141,5815.29119300,19534.147665
830,N,Multiple,Y,64,1316.21110000,18159.470863
831,N,Multiple,N,183,25338.13702200,239018.774419
832,N,Single,N,193,11052.07191500,26694.510176
833,Y,Multiple,Y,99,2165.66017800,19152.813269
834,Y,Single,Y,58,1556.81906400,6607.889826
835,Y,Single,N,134,3768.75539300,8436.787258
836,Y,Single,Y,186,545.12690000,1572.725113
837,N,Single,N,198,3432.29351500,10299.748198
838,N,Multiple,N,100,43758.41143000,496127.982786
839,Y,Single,N,92,4998.80706000,12386.165958
840,N,Multiple,Y,152,1621.83033500,20441.183383
841,N,Single,N,82,1541.64778200,7614.827664
842,Y,Multiple,Y,20,2469.33194400,23661.534888
843,N,Multiple,Y,106,1406.49443700,26201.749283
844,Y,Single,Y,149,3586.66015000,9718.618793
845,Y,Multiple,N,157,10007.55460600,139352.632425
846,N,Multiple,N,34,9785.31581800,224941.832196
847,N,Single,Y,92,5331.96125400,31237.972016
848,Y,Multiple,N,23,15572.02922400,307958.406428
849,N,Single,N,177,11235.19627400,30094.003077
850,N,Multiple,Y,95,2120.23523200,24386.803537
851,N,Multiple,Y,115,1766.67451600,24269.545844
852,N,Single,N,180,4624.73597200,16128.494927
853,Y,Multiple,N,82,26010.76602600,238885.554677
854,N,Multiple,N,118,7996.83203600,138710.370739
855,Y,Single,N,56,10403.43866000,30907.086937
856,N,Multiple,Y,21,549.07243600,10360.617233
857,Y,Multiple,N,24,8302.52823100,89643.499608
858,N,Multiple,Y,8,895.90638900,12382.305476
859,Y,Multiple,N,54,9241.08520400,127304.489210
860,N,Multiple,Y,137,2088.28860400,33333.894946
861,Y,Multiple,Y,175,1317.93429200,11766.031548
862,Y,Single,Y,177,1180.04016200,6105.070964
863,N,Single,Y,2,8808.56828900,38920.551023
864,Y,Multiple,N,137,20299.14098000,218420.517332
865,Y,Single,Y,82,1889.93265100,7738.946708
866,Y,Multiple,Y,196,2529.64165000,17531.776119
867,Y,Single,Y,164,693.24834500,2827.875774
868,N,Multiple,N,125,20625.84369000,389966.184278
869,N,Single,Y,154,5653.36120100,34868.801486
870,N,Multiple,N,194,21033.30660300,209515.258091
871,Y,Single,Y,127,1242.41089500,3780.853850
872,Y,Multiple,Y,35,3007.71851200,29163.918299
873,Y,Single,N,120,18691.36738000,37479.399150
874,N,Single,Y,47,3242.47136300,23588.225966
875,N,Multiple,N,35,41994.16055700,368336.242919
876,N,Single,Y,56,3564.54568600,16835.275347
877,Y,Single,Y,87,1113.81580000,4512.769728
878,N,Single,N,75,4002.78078000,15175.479639
879,Y,Single,Y,81,703.45610000,2643.627420
880,Y,Multiple,Y,47,330.02901300,5993.712553
881,N,Single,Y,193,7333.06584200,32173.596342
882,N,Multiple,N,164,11532.20850900,115801.175283
883,Y,Single,Y,70,2583.89910900,6691.859268
884,Y,Single,Y,77,901.46149000,3891.324794
885,Y,Multiple,Y,154,1801.01853500,13563.367824
886,N,Multiple,Y,98,846.37100200,15254.216491
887,Y,Single,N,2,13527.25678600,31569.469912
888,N,Multiple,Y,96,3623.17444000,48829.268405
889,Y,Single,N,0,1070.05475000,3485.552523
890,N,Multiple,Y,52,1183.76215800,13336.279536
891,Y,Single,N,30,1633.53844200,4421.661072
892,N,Multiple,N,174,12385.57970100,131835.597228
893,N,Multiple,Y,36,2103.17897100,23274.375684
894,Y,Single,Y,62,1808.39378000,4552.044618
895,Y,Single,Y,88,2468.46210500,7121.955854
896,N,Multiple,N,198,2340.81918900,35695.062293
897,N,Multiple,N,143,31880.75323900,225646.423058
898,Y,Multiple,N,92,19446.11035800,242913.887692
899,Y,Multiple,N,196,14365.39198200,162005.669401
900,N,Single,Y,21,2699.70440200,14900.686725
901,Y,Multiple,N,84,28355.17927100,305523.532713
902,N,Multiple,Y,132,1739.35878400,24618.897970
903,N,Multiple,N,7,12510.10022100,119738.422322
904,Y,Single,N,191,1338.45022100,3785.934530
905,Y,Single,N,107,5985.43181000,23426.785128
906,Y,Multiple,N,47,1602.70379300,35640.754381
907,N,Multiple,N,87,30283.84729300,289376.109468
908,N,Single,Y,10,6688.07781000,41861.799097
909,Y,Single,N,70,19191.74236900,39012.974192
910,Y,Single,Y,80,3969.48625700,12170.892575
911,Y,Multiple,Y,59,938.11671500,8429.663863
912,N,Multiple,Y,165,1534.49098700,18828.000459
913,N,Multiple,Y,30,1829.00865400,22949.438921
914,N,Multiple,N,20,48421.19805400,436007.485151
915,N,Multiple,N,113,31286.72109500,449779.712623
916,Y,Multiple,N,100,53128.78654300,717402.844162
917,N,Single,N,164,14901.53671000,30623.795912
918,N,Single,N,97,12339.27921800,31511.632324
919,Y,Multiple,Y,185,943.42858400,10351.330707
920,N,Multiple,N,80,42570.35031400,627780.964038
921,Y,Multiple,N,107,7373.64902100,89160.494173
922,N,Multiple,N,159,13255.94883900,200924.477118
923,N,Single,N,96,11633.08674300,29796.720811
924,N,Single,Y,13,4988.03749000,34109.365137
925,N,Multiple,N,2,16200.37802600,130900.288928
926,Y,Multiple,Y,183,2060.92492600,24515.610832
927,Y,Single,N,87,7587.82263800,19045.172984
928,N,Single,Y,163,4366.42037800,20444.262760
929,N,Single,Y,78,3877.53713500,24785.495297
930,Y,Multiple,Y,14,2628.06231200,22525.148308
931,Y,Single,N,26,12757.05361100,119850.986926
932,N,Single,Y,168,4982.33695000,26806.071450
933,Y,Single,Y,75,758.88178000,2798.055052
934,Y,Single,N,31,6136.69870900,13810.733651
935,N,Single,N,171,3424.79958400,50761.450777
936,N,Multiple,N,29,34744.31117300,299928.569665
937,N,Multiple,N,124,3310.70724900,46005.799089
938,Y,Multiple,N,22,13238.77611400,163541.582712
939,Y,Single,N,109,1691.91450600,6079.156620
940,Y,Single,N,148,3796.02710800,11880.292349
941,N,Single,Y,130,13364.31449800,65855.394362
942,N,Multiple,N,193,25311.10725900,374044.722103
943,N,Single,Y,187,8869.72403100,48616.162182
944,N,Single,N,23,23851.25089000,42026.711236
945,N,Single,N,76,5798.08074900,15689.327433
946,Y,Multiple,Y,190,456.90350000,5010.856574
947,Y,Multiple,N,1,16192.34742100,256419.396502
948,Y,Multiple,N,143,10510.58362000,119024.577525
949,N,Single,N,59,21858.85065900,58960.844153
950,Y,Multiple,N,198,7863.76880400,93985.142378
951,Y,Multiple,N,132,4222.23730400,60206.031937
952,Y,Single,Y,10,909.03485000,2822.434983
953,Y,Multiple,N,68,19534.68456000,112640.555948
954,Y,Multiple,Y,91,2066.57049900,16715.240788
955,N,Multiple,Y,46,3490.00450700,26816.890477
956,Y,Single,N,39,3541.98335800,6745.455517
957,Y,Single,N,159,1220.14230000,3872.314387
958,Y,Single,N,199,4394.18222400,13458.410185
959,N,Multiple,Y,161,1522.45307300,22594.219666
960,N,Single,Y,101,4945.19736300,26600.290297
961,Y,Single,Y,102,2196.33040000,5664.026864
962,N,Multiple,Y,117,3633.39133200,29650.374677
963,Y,Single,Y,108,2058.03662200,7518.279276
964,N,Multiple,N,185,36620.80029100,303080.891369
965,Y,Single,N,29,1078.47485300,4369.881024
966,Y,Multiple,Y,101,978.45216500,10193.312310
967,Y,Multiple,N,87,19644.36859800,182805.575531
968,N,Multiple,N,98,5527.33982500,78580.836432
969,N,Multiple,N,132,17958.20153500,224821.021042
970,N,Multiple,Y,169,994.22097000,18675.943431
971,N,Single,N,39,3970.72908300,15406.756354
972,N,Single,N,159,1799.90132400,4952.768179
973,Y,Single,N,157,1202.16030000,2643.847388
974,N,Multiple,N,178,32945.52234600,259295.629232
975,Y,Single,Y,17,1816.68941500,5788.982920
976,N,Single,Y,12,3818.41437600,27370.137262
977,N,Single,Y,5,5646.54567500,30804.105039
978,Y,Single,N,123,9001.36691700,16204.617878
979,Y,Single,N,179,3548.61510300,18316.087629
980,N,Multiple,N,64,8193.24079100,114696.087930
981,N,Single,N,99,13160.41166000,29974.142190
982,N,Single,Y,46,6117.81551400,27373.413090
983,Y,Single,Y,158,2329.57998700,5733.904081
984,Y,Single,N,68,2444.99323400,5242.882986
985,N,Single,Y,96,4625.47714600,32091.711353
986,Y,Single,N,183,11771.42140600,23885.440792
987,N,Multiple,Y,107,2792.39639500,41801.540051
988,Y,Multiple,Y,140,3091.27836200,24833.635554
989,Y,Multiple,Y,11,1455.68521200,16100.688336
990,N,Multiple,N,82,10840.10481700,108414.759757
991,Y,Single,Y,59,982.94720000,2448.921255
992,N,Multiple,Y,183,3798.99266100,34598.214381
993,N,Single,N,87,3109.10074000,10416.025222
994,Y,Single,Y,110,4032.29019100,11036.859732
995,Y,Multiple,N,162,17119.29843400,234783.743733
996,Y,Single,N,51,784.17611500,2897.724743
997,Y,Multiple,N,11,7499.25158600,94437.065161
998,Y,Single,Y,144,3960.91512300,10851.777322
999,N,Multiple,Y,25,3824.24682000,30538.052572
1000,N,Single,N,139,9711.41175300,39954.988030
1001,Y,Multiple,Y,88,2415.74233500,21611.206660
1002,N,Multiple,N,72,13394.60773500,181140.943981
1003,Y,Single,N,83,1760.22170300,5223.043216
1004,N,Single,N,118,33230.87013200,84911.709856
1005,Y,Multiple,N,18,21884.54117100,374697.578154
1006,Y,Multiple,Y,147,7005.88184300,77387.343908
1007,N,Multiple,Y,48,1813.10838300,38048.157191
1008,Y,Multiple,Y,53,1093.91151300,13177.158572
1009,N,Single,N,131,6904.01233400,22614.617567
1010,N,Single,Y,67,6615.28238900,33714.933688
1011,Y,Multiple,Y,12,1761.92749500,16667.608471
1012,N,Single,Y,175,3953.24356500,21451.248520
1013,N,Multiple,Y,145,946.24292500,22760.406137
1014,Y,Single,Y,140,2934.91887600,7052.579392
1015,Y,Multiple,Y,4,1635.34327500,13555.765787
1016,Y,Multiple,N,195,25870.23681100,245225.091490
1017,N,Multiple,N,135,21581.70272300,245428.190055
1018,N,Multiple,N,156,20503.78273500,205965.119242
1019,N,Single,N,114,12923.54390000,39701.078097
1020,N,Single,Y,186,4919.80238800,27695.462790
1021,N,Single,N,112,13612.21856200,47024.515260
1022,N,Multiple,Y,99,3037.30054400,39835.299929
1023,N,Multiple,Y,179,1943.14935400,18847.707148
1024,Y,Single,Y,150,1237.47351200,4324.500301
1025,Y,Single,Y,9,2825.59874600,7185.193763
1026,Y,Multiple,Y,40,191.00855000,3532.685511
1027,Y,Single,Y,122,1349.43356000,4527.704944
1028,N,Multiple,N,172,13342.45673100,188046.218686
1029,N,Multiple,N,51,27164.12216200,266514.078826
1030,N,Single,N,13,17029.16041400,87462.197122
1031,Y,Single,Y,188,2539.35562500,8607.327130
1032,N,Multiple,Y,180,1629.55779500,23913.181721
1033,N,Multiple,Y,166,1548.46939800,23127.370062
1034,Y,Multiple,N,134,24810.24488000,231408.517642
1035,Y,Single,N,16,9849.20531600,22076.240186
1036,Y,Multiple,Y,68,1022.25503300,9343.170542
1037,Y,Multiple,Y,58,1555.09422000,19780.850547
1038,N,Multiple,N,71,17938.40395800,168097.950139
1039,Y,Single,Y,76,1513.23819000,11060.417071
1040,Y,Single,N,161,184420.54673400,273528.506045
1041,N,Single,Y,145,4916.44555500,33046.141279
1042,Y,Multiple,N,75,6173.80720100,114870.575355
1043,N,Single,Y,122,8620.37042500,35477.480853
1044,Y,Single,Y,39,1288.20150000,3383.601823
1045,Y,Single,Y,34,1840.75926500,7569.526136
1046,N,Multiple,Y,45,3640.49318000,43749.368807
1047,N,Single,N,145,6691.64936800,20640.210676
1048,Y,Multiple,N,56,13709.39918100,155559.424814
1049,Y,Single,N,76,4295.63338000,10192.998969
1050,N,Single,N,105,6396.73332500,23965.253645
1051,N,Single,N,150,20116.22369100,51581.378561
1052,Y,Multiple,Y,165,3586.66887900,38872.143117
1053,N,Single,N,122,15075.79332700,35406.632956
1054,Y,Single,N,4,2493.40325500,8671.995437
1055,Y,Single,Y,121,1841.36409500,7109.874975
1056,Y,Multiple,Y,153,1145.58362100,15585.985174
1057,Y,Multiple,N,28,7570.27749200,127500.819494
1058,N,Single,N,7,2247.46878500,5525.592518
1059,N,Multiple,Y,6,2747.54865400,29484.208452
1060,Y,Multiple,Y,21,2429.07381200,20794.527902
1061,N,Single,N,156,2708.22128400,6406.764624
1062,Y,Single,Y,40,682.68338700,3869.533505
1063,N,Multiple,N,158,21389.52812200,427805.020764
1064,N,Multiple,Y,123,6792.25887600,63998.910479
1065,Y,Multiple,N,166,21381.54650900,281983.104586
1066,N,Single,N,10,6106.44503100,13166.534105
1067,N,Single,Y,159,9302.57307300,45020.652981
1068,N,Multiple,N,0,54993.59091900,359225.983169
1069,N,Single,Y,105,7899.60997300,52598.510259
1070,Y,Single,Y,193,1064.60071400,5316.222163
1071,N,Single,Y,176,4911.40857100,23622.365172
1072,N,Multiple,N,127,35832.24732400,326880.631553
1073,Y,Multiple,Y,98,1744.74997400,30742.736652
1074,N,Multiple,Y,196,2528.76361500,35134.238084
1075,N,Multiple,N,137,24183.50503400,390092.815736
1076,N,Single,N,35,7804.58161200,38928.338894
1077,Y,Multiple,N,9,24152.79197900,274384.876394
1078,Y,Multiple,N,122,15094.96822500,258624.702186
1079,N,Single,Y,14,9900.21576400,43861.169531
1080,Y,Multiple,Y,100,3925.46557100,45657.924323
1081,Y,Multiple,N,142,8786.66191400,101473.740786
1082,N,Single,Y,164,6607.40541800,29344.248846
1083,N,Single,N,52,2107.99005000,7613.262498
1084,N,Single,Y,77,8974.46026800,47013.699375
1085,N,Multiple,N,148,38786.03214100,318164.958315
1086,Y,Multiple,N,85,11921.17117000,180540.780995
1087,Y,Single,Y,48,3189.98206000,8537.111521
1088,N,Single,N,155,8402.77949100,26951.881871
1089,N,Single,Y,70,7616.27000600,39093.448084
1090,N,Multiple,Y,154,2997.05930800,43065.364899
1091,N,Multiple,Y,47,851.65671200,14206.232148
1092,Y,Multiple,Y,126,1041.24224500,9340.437715
1093,Y,Multiple,Y,188,3102.22623500,29338.011879
1094,N,Multiple,Y,15,3725.06238800,37617.164165
1095,Y,Single,N,3,5604.44373300,17145.692005
1096,N,Multiple,Y,50,1394.12241000,23748.776007
1097,Y,Multiple,Y,54,947.48884800,13234.693621
1098,Y,Single,Y,61,2631.36248400,7858.283962
1099,Y,Single,Y,103,1644.00743400,7685.441191
1100,N,Single,Y,18,6856.77874500,32507.601116
1101,N,Multiple,N,61,29015.69729600,418264.810053
1102,N,Multiple,Y,177,2725.44187500,35322.755503
1103,Y,Single,N,142,6452.73346000,22020.243394
1104,Y,Single,Y,100,2062.45761600,7522.102331
1105,N,Single,Y,196,7152.41178000,33020.058517
1106,Y,Multiple,Y,65,2214.94394900,22095.828240
1107,N,Multiple,Y,49,2714.73214600,25398.532340
1108,Y,Multiple,Y,116,3826.00898400,45429.955922
1109,Y,Multiple,N,67,3890.42331700,51707.998907
1110,Y,Multiple,Y,25,262.79450000,3318.930126
1111,N,Multiple,Y,147,3021.34443600,37871.057542
1112,N,Multiple,N,18,31354.24774700,269516.704419
1113,N,Multiple,Y,53,3599.11144000,40018.490291
1114,N,Single,N,83,17776.59774800,52318.048443
1115,Y,Single,N,8,1107.86969000,2448.619959
1116,N,Multiple,Y,193,2529.05353800,32289.257081
1117,Y,Single,Y,133,3479.99253500,10999.923753
1118,Y,Single,Y,24,943.47981400,3352.059156
1119,N,Single,Y,23,11660.16518700,55638.733531
1120,N,Multiple,N,161,15033.54048600,220628.021568
1121,N,Single,Y,64,4953.59773300,38477.317133
1122,N,Multiple,Y,76,3686.80171400,41592.026518
1123,N,Single,N,101,14928.45131600,48074.454959
1124,N,Multiple,Y,140,3450.32976400,36394.748559
1125,Y,Single,N,136,1509.15914300,3450.853231
1126,Y,Multiple,Y,174,1009.95120000,8000.700552
1127,Y,Multiple,N,79,4102.58092000,41866.401554
1128,Y,Multiple,N,66,82611.84967600,865421.848916
1129,N,Multiple,N,8,8832.34717200,115969.857867
1130,N,Single,Y,0,7217.69326000,39302.930130
1131,Y,Multiple,Y,198,859.65345000,8009.043311
1132,Y,Multiple,Y,29,134.56416500,1883.874936
1133,Y,Multiple,N,115,4580.36288900,49652.638009
1134,N,Multiple,N,73,34177.05924300,415418.978061
1135,N,Single,Y,42,3988.78940900,27890.217896
1136,Y,Multiple,Y,97,1217.20078000,12136.462552
1137,N,Single,N,47,1879.30481800,6170.168708
1138,Y,Single,N,143,1283.81120000,3575.155429
1139,N,Multiple,N,91,10796.79909300,158181.408967
1140,N,Single,Y,89,5940.20266200,36760.430159
1141,Y,Multiple,Y,169,868.60584300,12147.881135
1142,Y,Single,Y,28,1504.03366900,6018.063332
1143,N,Single,N,173,5878.28342700,20499.860158
1144,Y,Multiple,Y,46,1758.92697000,22829.595125
1145,Y,Single,N,60,7196.22485800,36212.683070
1146,N,Single,Y,171,3269.92045700,22988.402790
1147,N,Multiple,Y,136,1045.11266700,13867.525114
1148,N,Multiple,N,78,5174.93189800,101435.120615
1149,Y,Multiple,N,26,79988.35073900,965821.766066
1150,Y,Multiple,Y,56,2003.44114800,21532.452737
1151,N,Single,N,27,7166.29625300,21874.184355
1152,Y,Single,N,167,17581.16722800,31575.439360
1153,Y,Single,Y,12,927.81934200,2442.996201
1154,N,Multiple,Y,195,711.57699000,10734.397123
1155,N,Single,N,147,20320.72967900,59133.514875
1156,N,Single,Y,191,6180.86477300,27111.955710
1157,N,Multiple,N,171,12322.66916700,102785.640855
1158,N,Multiple,Y,84,3891.77857200,35929.448461
1159,Y,Multiple,N,178,6158.89179300,85089.709702
1160,Y,Multiple,N,41,2502.17449300,67338.018491
1161,N,Single,Y,107,5604.67788300,32458.160138
1162,Y,Single,N,53,4777.29776000,9120.775826
1163,N,Multiple,Y,109,5505.90663300,47447.368367
1164,Y,Multiple,N,6,20688.99321300,206498.438179
1165,Y,Multiple,Y,151,243.92990000,2203.833579
1166,Y,Single,Y,96,1815.17012800,4815.580539
1167,Y,Multiple,N,112,8074.27892200,128533.176399
1168,N,Single,N,109,6741.77970500,27356.649268
1169,Y,Multiple,N,16,47338.17358200,795380.191520
1170,Y,Multiple,Y,184,1961.71797800,25242.979536
1171,N,Multiple,N,1,6068.55247200,107563.798294
1172,N,Single,Y,32,8249.55620700,36450.319040
1173,N,Single,Y,104,1597.15845900,12912.099836
1174,N,Multiple,N,163,11566.75398300,196524.887470
1175,Y,Single,Y,4,778.64384500,2804.433335
1176,Y,Single,Y,55,1013.04752000,2966.716320
1177,Y,Multiple,N,97,12254.72925500,159498.808765
1178,N,Single,N,42,4843.80295500,29191.474653
1179,N,Single,N,0,25461.62163300,97461.011309
1180,N,Single,N,30,4551.24520900,54614.945445
1181,N,Single,Y,172,5166.73250000,32525.162549
1182,Y,Single,Y,132,1412.68849200,6973.124858
1183,Y,Single,Y,93,1968.95492500,6879.244112
1184,N,Single,N,136,32003.09054700,95831.984977
1185,N,Multiple,Y,119,3587.50362500,35365.631992
1186,N,Multiple,Y,157,6284.63509100,72804.785463
1187,N,Single,Y,61,4409.43823800,27486.218753
1188,Y,Single,N,14,2087.22583200,4053.735238
1189,N,Single,N,172,8717.80049300,43587.347787
1190,N,Single,Y,181,8418.10714200,45951.094486
1191,Y,Multiple,N,131,47072.54511100,658436.497886
1192,N,Single,N,61,9211.60270000,32513.339810
1193,Y,Single,N,98,3238.17359500,9661.195532
1194,N,Multiple,N,110,9308.97894100,126642.045497
1195,Y,Multiple,N,120,10138.12320000,137886.390208
1196,N,Single,N,15,3015.92903500,10118.341040
1197,N,Multiple,Y,78,1072.21675000,19085.321579
1198,N,Multiple,Y,81,1300.46342500,15608.905836
1199,Y,Multiple,N,169,12736.50968500,152415.068175
1200,Y,Multiple,N,31,13707.00626100,141949.711563
1201,N,Multiple,N,90,67420.32006100,793417.573040
1202,N,Multiple,N,170,17812.09964600,212325.785972
1203,N,Single,N,69,19663.18379700,97215.140502
1204,N,Single,N,17,17828.67360800,59210.587255
1205,Y,Multiple,Y,178,727.33826200,8893.297968
1206,N,Multiple,Y,171,1405.39601600,11234.762109
1207,Y,Multiple,N,60,2949.01793700,31833.442621
1208,N,Multiple,Y,67,2668.91943400,30704.742022
1209,N,Single,Y,31,2341.76058400,15343.032779
1210,Y,Single,N,62,13528.83831000,54720.842770
1211,Y,Single,N,19,17204.81078200,49074.779947
1212,N,Single,Y,38,5076.35099800,26482.004648
1213,Y,Multiple,N,147,81331.04210400,904094.679908
1214,N,Multiple,Y,190,2606.18767800,59732.003408
1215,Y,Multiple,Y,34,1433.19649500,17733.996278
1216,Y,Multiple,Y,39,913.17315300,10850.317933
1217,N,Single,N,54,35514.05815400,95067.574347
1218,N,Multiple,Y,176,2981.96584100,28864.944880
1219,N,Single,N,21,5246.64349800,14012.231011
1220,Y,Multiple,N,48,16957.06199000,185594.421283
1221,Y,Single,N,89,6481.60168500,21861.790420
1222,Y,Multiple,Y,117,1386.19531500,18773.038064
1223,N,Multiple,Y,159,2749.23759400,40175.134242
1224,Y,Multiple,N,69,11494.35163400,182143.225677
1225,Y,Multiple,N,113,89391.76108900,991009.789849
1226,Y,Multiple,N,20,15576.14774800,183078.185474
1227,Y,Single,Y,146,6191.91768800,19564.115959
1228,Y,Single,N,97,1761.61390000,6715.874815
1229,Y,Single,N,34,6038.83039300,15006.402573
1230,Y,Single,N,145,1531.87174000,3945.926409
1231,Y,Single,N,105,2525.45755300,5792.001468
1232,Y,Single,N,176,3618.19868800,7715.748142
1233,N,Single,N,43,3442.19411000,8426.152979
1234,Y,Multiple,Y,45,272.33630000,3905.749173
1235,N,Multiple,N,112,51280.43295800,954536.643094
1236,N,Multiple,N,16,10435.77685200,125392.513142
1237,Y,Multiple,Y,107,1400.46381000,13003.097513
1238,N,Multiple,Y,80,3833.39982900,61807.876667
1239,Y,Single,N,151,2847.42549000,13277.233675
1240,N,Single,N,190,12445.11154600,52932.907715
1241,N,Single,N,176,12997.12578800,43856.066640
1242,N,Single,N,32,14923.25351100,46310.838386
1243,N,Single,N,104,6512.90378500,29497.834856
1244,Y,Single,N,55,16916.48366000,32627.923498
1245,Y,Multiple,Y,30,471.93630000,12090.372115
1246,N,Multiple,N,54,13331.32722100,214018.901840
1247,Y,Single,N,108,2531.25838500,6388.302702
1248,Y,Multiple,Y,50,1797.95511400,17622.569530
1249,Y,Multiple,Y,42,7513.45330000,37007.372365
1250,Y,Single,Y,190,675.68133000,2813.948212
1251,N,Single,N,55,8927.39719400,23369.988794
1252,N,Single,N,4,6241.16860900,24591.666515
1253,Y,Multiple,N,154,17387.96888000,242365.217356
1254,Y,Multiple,Y,168,2467.28946900,30558.996132
1255,Y,Single,N,77,1469.02791000,4092.405979
1256,Y,Multiple,Y,2,2187.30812500,21187.844896
1257,Y,Multiple,Y,0,2264.02411000,26391.234723
1258,N,Multiple,N,15,14405.35575200,125428.080812
1259,N,Multiple,N,123,35799.31499500,299500.437610
1260,N,Multiple,Y,17,1473.84475200,25130.694193
1261,Y,Multiple,N,192,28856.04620900,292065.456814
1262,Y,Single,N,103,3167.43049500,11194.155044
1263,Y,Multiple,N,21,23825.69964100,218730.458418
1264,Y,Multiple,Y,181,1115.65720200,12425.870779
1265,N,Multiple,Y,66,6159.41080900,55932.214480
1266,Y,Multiple,Y,160,1982.30917400,20490.891344
1267,Y,Multiple,Y,180,2612.62654200,31093.810122
1268,Y,Single,Y,49,422.38014000,1530.100630
1269,N,Multiple,N,60,38149.47874600,422979.339293
1270,Y,Single,Y,182,10091.30528500,19227.270282
1271,N,Single,Y,94,5036.29725500,33197.913303
1272,N,Single,N,188,7617.60760000,36502.507271
1273,N,Multiple,Y,86,2390.95080900,24367.256678
1274,Y,Single,N,190,1697.01889100,6663.063118
1275,N,Single,Y,153,6058.34856300,25260.744157
1276,Y,Multiple,Y,146,4447.18939600,35462.138388
1277,N,Single,Y,165,5555.00645900,30950.151180
1278,Y,Single,N,127,6405.23241000,14261.836191
1279,Y,Multiple,Y,124,1550.69596000,12678.825127
1280,Y,Single,N,131,5644.49189000,11724.599908
1281,N,Single,N,162,2260.20088300,8107.075097
1282,N,Single,N,11,4167.53420600,15134.167804
1283,Y,Single,N,118,3221.47424800,12256.617003
1284,N,Single,N,160,14079.65180300,26192.007184
1285,N,Multiple,N,133,50905.50185500,426421.195962
1286,N,Single,Y,177,5890.16253100,34078.568624
1287,Y,Multiple,N,19,77862.09225500,1062675.943233
1288,N,Multiple,N,24,22709.02593100,291789.962506
1289,Y,Single,N,128,2596.50574900,8497.572655
1290,N,Multiple,Y,3,3423.35881600,33449.286068
1291,N,Single,Y,180,5525.58694700,31251.551804
1292,Y,Multiple,Y,23,1473.01824200,35791.241702
1293,N,Multiple,N,115,14315.77838700,214344.153911
1294,Y,Multiple,N,95,25915.93314200,380864.568431
1295,Y,Single,N,149,2459.41909800,6220.407061
1296,N,Multiple,Y,97,5398.43875700,63818.538238
1297,Y,Multiple,Y,194,1354.71020200,13894.663450
1298,Y,Multiple,Y,125,713.41641800,8248.695979
1299,Y,Multiple,N,2,76186.45142900,894530.629404
1300,N,Single,N,91,11114.72865600,31497.270369
1301,Y,Multiple,Y,85,1301.27836800,15820.427253
1302,N,Single,Y,167,6240.16681600,36892.059237
1303,N,Single,Y,123,9964.73197500,41516.710113
1304,N,Single,Y,95,7110.38418900,35743.956892
1305,N,Multiple,N,190,20271.39953300,311333.671515
1306,N,Multiple,Y,105,2551.25465900,32492.233103
1307,N,Multiple,N,136,7313.89274000,103013.240206
1308,N,Multiple,Y,189,3103.27345100,28400.827063
1309,Y,Multiple,N,168,19058.84455400,264783.487398
1310,N,Multiple,N,184,39864.09675200,401803.236047
1311,Y,Single,Y,145,1804.26150000,6208.906850
1312,Y,Multiple,N,163,16906.38032900,232593.883100
1313,N,Multiple,Y,65,2783.04136000,29774.971711
1314,Y,Single,Y,32,1220.23236000,4740.369815
1315,Y,Single,Y,176,1136.73618500,3610.405800
1316,Y,Single,Y,104,837.15130300,2246.160399
1317,N,Single,N,133,7506.74153000,24754.300538
1318,N,Multiple,Y,74,2953.12800400,33228.936944
1319,N,Single,Y,115,4708.54764700,31590.753533
1320,N,Single,Y,3,4797.90472600,27554.174059
1321,N,Multiple,N,59,50485.59602100,706640.489041
1322,Y,Single,Y,50,1226.63404300,4046.109352
1323,N,Single,N,80,14856.98546300,33426.036594
1324,N,Multiple,Y,13,1859.67932400,36108.208779
1325,N,Multiple,Y,158,2299.41104100,49597.873638
1326,Y,Single,Y,23,843.45349000,3168.932865
1327,Y,Multiple,Y,193,287.22060000,6991.912359
1328,N,Single,N,24,16906.93834500,50976.880590
1329,N,Multiple,Y,10,2747.32668600,23506.329915
1330,N,Single,N,50,7088.46325500,27833.128163
1331,N,Multiple,Y,173,1863.14499900,19451.788852
1332,N,Single,Y,79,7088.16693100,36821.158424
1333,Y,Multiple,Y,80,2036.73225900,19607.525632
1334,N,Single,Y,30,4746.02640000,30533.020605
1335,N,Multiple,Y,162,2578.42088300,26465.444674
1336,Y,Single,Y,179,2538.19747000,8217.320300
1337,Y,Single,Y,99,2509.68950000,7246.797969
1338,N,Single,Y,20,6694.63594700,37933.625243
1339,N,Multiple,N,65,34950.24082100,468909.150285
1340,N,Single,Y,113,4400.60263500,26003.087480
1341,Y,Single,N,43,926.18031000,2821.131006
1342,N,Multiple,N,119,24551.53819600,287065.901703
1343,N,Multiple,N,50,7456.41390000,206009.882362
1344,N,Single,Y,86,4172.38199800,24544.634022
1345,N,Single,N,60,24135.71219900,52368.493058
1346,N,Single,Y,90,7564.58432600,32006.818053
1347,Y,Single,N,172,1957.97669000,5531.896992
1348,Y,Multiple,Y,109,2145.99512100,30526.597025
1349,N,Single,N,77,30367.78130400,96980.166153
1350,Y,Single,N,72,8596.68083600,30219.355794
1351,Y,Single,N,147,6303.01894200,16935.478587
1352,N,Multiple,Y,0,3522.10232100,41283.136236
1353,Y,Multiple,Y,135,2904.67455300,27870.164089
1354,N,Multiple,Y,7,2916.74279600,24472.781765
1355,Y,Multiple,Y,10,1864.50340200,17356.686944
1356,N,Multiple,Y,182,4154.26694400,32907.745700
1357,Y,Single,Y,130,1722.76188400,3331.554289
1358,Y,Single,Y,37,1671.29511600,5737.339462
1359,Y,Multiple,N,140,21190.83069000,237969.247170
1360,Y,Single,Y,120,1414.14937300,5762.084635
1361,N,Single,Y,148,5808.82193300,28039.788691
1362,N,Multiple,N,150,14278.07043000,204163.351053
1363,N,Multiple,N,191,55799.58363200,642411.766866
1364,Y,Multiple,N,76,8845.95003700,140205.869386
1365,N,Multiple,Y,22,1585.83783600,21814.315205
1366,Y,Multiple,Y,16,2028.61118900,21863.561996
1367,Y,Single,N,64,26913.78693500,53750.963126
1368,Y,Single,Y,85,2157.65494000,7813.348019
1369,Y,Single,Y,168,2133.01516800,5743.316353
1370,N,Single,N,56,6554.56260400,22852.997601
1371,N,Single,Y,184,6864.78193700,38034.845218
1372,Y,Single,Y,78,2080.92913400,6479.719753
1373,Y,Single,Y,71,1119.48786600,7507.648047
1374,N,Multiple,Y,199,944.11210000,13322.894970
1375,N,Single,Y,116,4610.41278800,25488.238811
1376,Y,Multiple,N,117,14442.59895700,199402.311749
1377,N,Multiple,N,145,6393.13125000,111106.977927
1378,N,Multiple,N,176,23078.41805000,202955.106438
1379,N,Single,N,67,5000.35670200,10974.265113
1380,N,Multiple,Y,9,670.66241000,10741.224401
1381,N,Multiple,N,97,50764.53713900,642463.665963
1382,N,Single,Y,158,4342.52202500,28437.995893
1383,N,Single,N,179,15434.47559600,33582.107545
1384,N,Single,Y,74,7199.64072200,33771.644217
1385,N,Single,Y,132,6689.06358800,33765.914491
1386,N,Single,Y,93,4664.19079400,26217.468774
1387,Y,Single,N,5,21894.80376100,58025.655088
1388,N,Multiple,N,195,4552.52735900,88334.640475
1389,N,Single,Y,150,6847.67110600,39681.908628
1390,N,Multiple,Y,40,1270.17139800,15706.973230
1391,Y,Single,N,94,2097.85144500,4477.110828
1392,Y,Multiple,Y,141,1359.08472600,15603.902474
1393,Y,Single,N,12,523.96093000,2207.497670
1394,N,Multiple,N,96,32752.79413400,445159.845241
1395,Y,Multiple,N,50,15819.84237000,183312.149413
1396,N,Multiple,N,3,23947.16680300,208982.804105
1397,Y,Single,Y,90,4327.92642200,8939.663032
1398,Y,Multiple,N,52,15593.71194800,170601.366305
1399,Y,Single,Y,86,1944.23818200,5472.391073
1400,Y,Single,Y,170,686.49553200,2382.677788
1401,Y,Multiple,Y,66,7384.19433700,74706.904427
1402,Y,Multiple,Y,33,1908.00818100,19189.894025
1403,N,Multiple,Y,92,1367.99753500,20731.597628
1404,N,Single,N,46,5793.34731600,23068.729269
1405,N,Single,N,169,4365.07485000,13073.951378
1406,N,Multiple,Y,126,1606.42820300,25616.683516
1407,Y,Single,Y,111,1734.35730000,4440.882379
1408,Y,Multiple,N,58,13415.43581700,203078.549772
1409,N,Multiple,N,196,21506.25270400,288477.934122
1410,Y,Multiple,Y,192,1948.26206800,15145.259279
1411,Y,Single,N,124,921.99243000,2613.232366
1412,N,Multiple,Y,19,3097.20409500,36377.885027
1413,N,Multiple,Y,57,2440.00157500,22419.481181
1414,Y,Multiple,N,39,9756.24670700,109208.615795
1415,N,Single,Y,198,2956.37358000,16555.506110
1416,N,Single,Y,57,8106.67282800,33111.092171
1417,Y,Multiple,Y,63,201.60470000,1621.286007
1418,N,Multiple,Y,87,2590.17814500,26324.613475
1419,N,Single,N,111,15208.18235600,46143.105955
1420,Y,Single,N,192,2606.26497000,7253.698704
1421,N,Single,N,123,6120.50803000,17972.449215
1422,N,Single,Y,17,5597.15182400,43927.418016
1423,N,Multiple,Y,170,2394.30431300,27564.271688
1424,Y,Multiple,Y,26,8047.58529600,86173.431220
1425,N,Single,Y,27,4899.00619100,25070.204392
1426,N,Multiple,N,134,14754.76403800,180477.460135
1427,N,Multiple,N,114,14645.60328900,194370.022138
1428,Y,Multiple,Y,191,496.18706500,6155.319376
1429,Y,Multiple,Y,150,1629.20196700,19412.422740
1430,Y,Multiple,Y,122,955.12945000,19415.352069
1431,N,Multiple,Y,133,6986.10561500,74171.081821
1432,Y,Multiple,Y,19,4401.71909900,45297.167567
1433,N,Multiple,N,70,30110.07688500,332184.426692
1434,N,Multiple,N,57,17948.36451100,186860.215216
1435,N,Multiple,Y,24,1694.28430800,21447.034572
1436,Y,Multiple,N,139,72383.09963900,945560.493611
1437,Y,Single,N,137,4797.68046500,8526.960995
1438,N,Multiple,Y,129,815.03683600,12581.273947
1439,N,Multiple,N,151,3610.50481600,67732.703107
1440,Y,Single,N,99,3442.90975000,8627.333537
1441,N,Single,Y,111,5363.30055400,26553.216271
1442,Y,Multiple,N,62,19813.41473900,224931.803677
1443,Y,Multiple,N,64,66084.53978500,933741.446320
1444,Y,Single,Y,129,4365.46183500,13330.745585
1445,Y,Single,Y,46,870.27452600,3461.575932
1446,N,Single,N,168,3638.73512600,9646.307214
1447,N,Multiple,Y,108,5135.04141600,43961.629462
1448,Y,Single,N,71,2530.53322700,8843.731217
1449,Y,Multiple,N,164,4656.79387300,62849.731838
1450,Y,Multiple,N,14,25327.26347100,217872.871900
1451,N,Single,N,71,5580.73148500,18899.432978
1452,N,Single,Y,156,6692.28677200,31014.914876
1453,N,Multiple,N,130,37340.32716200,374915.609580
1454,N,Single,Y,134,8520.80198200,32364.393384
1455,N,Single,Y,141,5525.06650000,24536.165251
1456,N,Multiple,N,37,8861.33925600,132885.567735
1457,Y,Multiple,Y,163,1399.96886500,16643.855672
1458,Y,Multiple,Y,136,846.36555000,8137.311950
1459,Y,Single,N,35,17326.52071400,35567.654769
1460,N,Single,Y,28,5973.25085500,24508.466429
1461,N,Multiple,N,58,16935.22580000,151064.970027
1462,Y,Single,Y,14,2685.84895200,8210.073804
1463,N,Multiple,Y,192,1012.81095200,18648.925932
1464,Y,Multiple,N,4,9514.51137700,115284.932222
1465,N,Single,N,9,4120.97536500,10557.190255
1466,N,Multiple,N,120,27871.92066900,269221.804420
1467,Y,Single,Y,123,1789.85327800,4914.962516
1468,Y,Single,N,91,5054.09892000,10351.408783
1469,N,Multiple,Y,178,2042.06810900,20961.925449
1470,Y,Single,Y,15,448.63975000,2728.938588
1471,N,Multiple,N,173,25430.12288700,408067.113570
1472,N,Single,N,199,8574.91104700,20101.726294
1473,N,Single,N,37,9448.04789200,27852.384347
1474,Y,Multiple,N,186,2622.45782000,34973.319621
1475,N,Single,N,130,6231.64056500,16099.677318
1476,N,Single,Y,102,5175.85636800,31525.827589
1477,Y,Multiple,N,101,5739.21437200,92921.931458
1478,N,Single,N,38,19592.64215000,47129.271515
1479,N,Multiple,Y,43,2797.99460500,30644.844403
1480,N,Single,N,175,2758.65974500,8862.351372
1481,N,Single,N,36,35743.19118800,107860.875675
1482,N,Single,N,79,3365.46837600,8782.836820
1483,Y,Single,N,117,3014.63901500,11532.063524
1484,Y,Single,Y,95,1134.88438200,3273.383946
1485,Y,Multiple,N,96,25183.24696200,230269.281148
1486,N,Multiple,Y,143,2983.81715200,26330.922065
1487,N,Single,N,72,13437.95211500,31446.752458
1488,Y,Single,Y,5,2548.67876800,10248.121745
1489,N,Multiple,Y,135,1193.70217000,16294.027645
1490,Y,Single,N,41,1176.50632500,4875.389142
1491,N,Multiple,Y,198,441.06167800,10147.270488
1492,N,Multiple,N,26,24778.19364800,430816.693372
1493,Y,Single,N,111,3207.26028300,6164.431421
1494,N,Single,N,48,13319.31691800,43030.172792
1495,N,Multiple,Y,75,1532.21852800,13166.489089
1496,Y,Multiple,Y,87,1807.62396300,16453.717244
1497,N,Single,Y,161,3363.28582500,18008.208891
1498,Y,Single,Y,57,1846.15566900,5777.461347
1499,N,Single,Y,108,11667.08775800,47323.256564
1500,N,Multiple,N,152,13880.84592900,196135.976872
1501,N,Multiple,N,106,7692.30432700,183764.973672
1502,Y,Single,Y,2,4222.10753500,16079.799855
1503,N,Multiple,N,95,19596.87388100,209915.953742
1504,N,Single,N,92,19908.68050200,66537.517075
1505,N,Multiple,Y,125,2005.37267400,45182.824324
1506,Y,Multiple,Y,137,2189.18723800,20222.223299
1507,Y,Multiple,Y,8,1668.69021000,14574.069176
1508,Y,Multiple,Y,79,491.95671800,6186.376581
1509,N,Multiple,Y,194,2937.64930000,28359.644611
1510,N,Multiple,N,169,7887.60696200,92903.690621
1511,N,Multiple,N,31,19127.54466600,187838.895402
1512,N,Multiple,N,63,18871.71962400,230179.413784
1513,Y,Single,N,196,6384.84654600,19997.929105
1514,N,Single,Y,19,6419.36056300,38485.256307
1515,N,Single,N,170,34149.66513300,89005.553449
1516,Y,Multiple,Y,96,2479.45632900,15895.197473
1517,N,Multiple,N,25,32321.65382200,252697.918810
1518,N,Multiple,N,116,17510.73567100,220883.401247
1519,N,Single,N,144,18728.71720600,36192.874081
1520,N,Single,N,110,9403.91290100,26425.652454
1521,Y,Single,N,46,745.74880000,2135.725472
1522,Y,Single,N,169,2824.28437800,6528.824723
1523,Y,Single,Y,178,1228.58236500,4132.617446
1524,N,Single,Y,73,8294.34195300,41839.200431
1525,Y,Multiple,N,190,3813.77787600,50322.309653
1526,Y,Single,Y,29,571.19337500,3080.298375
1527,N,Multiple,N,83,20644.07993000,216669.984917
1528,Y,Multiple,Y,131,6008.18017100,48732.625179
1529,Y,Single,N,154,8912.28557500,44237.834417
1530,Y,Single,Y,42,11678.46842000,22172.970014
1531,Y,Single,N,81,2794.03490000,7061.952575
1532,Y,Multiple,Y,118,610.34515000,8824.294999
1533,Y,Single,Y,195,4364.94605100,12737.852276
1534,Y,Multiple,N,173,12493.28234500,202402.562423
1535,Y,Single,N,37,2167.09795000,4930.373820
1536,Y,Multiple,Y,15,308.15163000,3762.396981
1537,Y,Multiple,Y,94,736.61546600,7810.267937
1538,N,Multiple,Y,20,5275.62905400,46709.188365
1539,N,Single,N,125,3812.30701000,13488.964683
1540,Y,Single,N,138,2639.02516500,5115.232483
1541,N,Multiple,N,121,9686.03318400,110662.705678
1542,Y,Single,N,38,750.62712000,2061.753792
1543,Y,Multiple,N,187,43127.48027600,758107.321184
1544,Y,Single,N,66,5219.12212600,10528.286052
1545,Y,Single,N,175,3543.23766500,13126.281611
1546,Y,Multiple,N,70,17817.03694900,164855.707147
1547,Y,Single,N,146,5410.99221400,13344.199504
1548,N,Multiple,N,107,23354.83158800,246339.267054
1549,Y,Single,Y,160,3106.15188000,8517.591072
1550,Y,Multiple,Y,133,2303.08878700,43471.900829
1551,Y,Multiple,Y,24,1413.11979300,9000.679589
1552,Y,Multiple,Y,187,2681.93483800,34564.079092
1553,N,Multiple,Y,100,7472.27976200,82447.416818
1554,Y,Single,Y,66,3075.32791500,8235.141519
1555,Y,Single,Y,33,3199.23945600,11092.189035
1556,Y,Multiple,N,91,10260.61145600,86089.867784
1557,N,Single,Y,185,5628.13041400,30831.610990
1558,Y,Multiple,Y,111,3694.41285100,37166.815865
1559,Y,Single,N,18,7291.70219900,19579.188050
1560,Y,Multiple,N,49,3931.22113400,54244.217006
1561,N,Single,Y,48,4714.42782700,29226.438427
1562,Y,Multiple,N,88,12610.61143300,146713.675812
1563,N,Multiple,N,33,16852.11036200,168699.124168
1564,Y,Multiple,N,180,31975.32058200,313494.409226
1565,Y,Multiple,N,144,29462.78982700,350416.436594
1566,Y,Single,Y,147,3160.61493100,8561.939553
1567,Y,Single,Y,197,1141.42029900,3901.584300
1568,Y,Single,Y,53,2220.84730300,5775.742366
1569,N,Multiple,Y,1,973.45315900,20856.857669
1570,Y,Single,N,25,7999.69613800,38681.597170
1571,Y,Single,N,24,740.28895800,2423.471862
1572,Y,Single,N,52,2284.79079000,4973.098271
1573,Y,Single,N,50,3108.76599000,7757.647441
1574,N,Single,Y,37,3436.28503200,23090.714100
1575,Y,Single,Y,79,421.75625000,1867.218125
1576,Y,Multiple,Y,173,1602.43222600,30688.363696
1577,N,Single,N,148,16712.94303400,43824.869442
1578,N,Multiple,N,22,9989.30124400,156282.660974
1579,N,Single,Y,87,4569.93696900,41250.155373
1580,N,Single,Y,81,4497.44490200,26448.346506
1581,Y,Single,N,85,2350.99183900,10961.774337
1582,Y,Multiple,N,36,2359.59549300,35301.926710
1583,Y,Single,Y,26,3211.72720800,11321.048025
1584,Y,Single,Y,63,457.38587100,2899.001021
1585,Y,Single,Y,126,3251.54364600,10243.715495
1586,N,Single,Y,183,9653.88581700,47437.288828
1587,Y,Multiple,Y,113,8336.63595400,85608.769967
1588,Y,Multiple,Y,69,1875.52671000,16509.356608
1589,Y,Single,Y,97,3126.09662000,8547.082792
1590,Y,Multiple,N,119,24517.39508600,298018.993869
1591,N,Multiple,N,23,61914.56540900,725892.190956
1592,N,Single,Y,149,6797.03973700,39791.586835
1593,N,Multiple,N,117,21675.91943800,137619.164262
1594,Y,Single,Y,181,2461.34655900,8626.517048
1595,Y,Multiple,N,110,11968.19441200,156275.723397
1596,Y,Single,Y,41,822.90373400,4248.165139
1597,Y,Multiple,N,160,18970.42262100,197832.204409
1598,N,Single,Y,4,3579.51190600,28979.383070
1599,N,Single,N,90,14328.58991300,41702.641238
